label,name,ipaddress,id,parentid
系统名称,省电子证照系统,,1月1日,
业务子系统,业务应用,,2月1日,1月1日
业务子系统,电子证照系统,,2月2日,1月1日
业务子系统,爱山东APP对接,,2月3日,1月1日
一级服务目录,日志管理,,3月1日,2月2日
一级服务目录,证照文件base64下载,,3月2日,2月1日
一级服务目录,证照持有主体代码获取证照信息接口,,3月3日,2月1日
一级服务目录,证照标识获取证照信息接口,,3月4日,2月1日
一级服务目录,证照归集编辑接口,,3月5日,2月1日
一级服务目录,证照归集生成接口,,3月6日,2月1日
一级服务目录,系统登录,,3月7日,2月2日
一级服务目录,证照对账管理,,3月8日,2月2日
一级服务目录,电子证照管理,,3月9日,2月2日
一级服务目录,电子证照生成管理,,3月10日,2月2日
一级服务目录,电子共享服务,,3月11日,2月2日
一级服务目录,电子证照统计分析,,3月12日,2月2日
一级服务目录,系统权限管理,,3月13日,2月2日
一级服务目录,山东电子证照,,3月14日,2月3日
二级服务目录,系统日志,,4月1日,3月1日
二级服务目录,印章日志,,4月2日,3月1日
二级服务目录,接口调用日志,,4月3日,3月1日
二级服务目录,证照文件base64下载,,4月4日,3月2日
二级服务目录,证照持有主体代码获取证照信息接口,,4月5日,3月3日
二级服务目录,证照标识获取证照信息接口,,4月6日,3月4日
二级服务目录,证照归集编辑接口,,4月7日,3月5日
二级服务目录,证照归集生成接口,,4月8日,3月6日
二级服务目录,系统登录,,4月9日,3月7日
二级服务目录,对帐数据,,4月10日,3月8日
二级服务目录,地市对账,,4月11日,3月8日
二级服务目录,数据录入,,4月12日,3月8日
二级服务目录,内部管理,,4月13日,3月9日
二级服务目录,证照申领,,4月14日,3月14日
二级服务目录,证照目录,,4月15日,3月14日
二级服务目录,证照亮证,,4月16日,3月14日
二级服务目录,二维码展示,,4月17日,3月14日
二级服务目录,证照展示,,4月18日,3月14日
二级服务目录,使用记录,,4月19日,3月14日
二级服务目录,问题反馈,,4月20日,3月14日
二级服务目录,问题反馈,,4月21日,3月8日
二级服务目录,证照图片下载,,4月22日,3月14日
二级服务目录,电子证照模板管理,,4月23日,3月10日
二级服务目录,电子证照共享服务配置,,4月24日,3月11日
二级服务目录,电子证照数据分析,,4月25日,3月11日
二级服务目录,电子证照权限配置,,4月26日,3月13日
二级服务目录,看电子证照登录日志管理,,4月27日,3月1日
资源名称,电子证照线上应用服务器4,10.210.40.133,5月1日,4月4日
资源名称,电子证照线上应用服务器4,10.210.40.133,5月2日,4月5日
资源名称,电子证照线上应用服务器4,10.210.40.133,5月3日,4月6日
资源名称,电子证照线上应用服务器4,10.210.40.133,5月4日,4月9日
资源名称,电子证照线上应用服务器4,10.210.40.133,5月5日,4月14日
资源名称,电子证照线上应用服务器4,10.210.40.133,5月6日,4月15日
资源名称,电子证照线上应用服务器4,10.210.40.133,5月7日,4月16日
资源名称,电子证照线上应用服务器4,10.210.40.133,5月8日,4月17日
资源名称,电子证照线上应用服务器4,10.210.40.133,5月9日,4月18日
资源名称,电子证照线上应用服务器4,10.210.40.133,5月10日,4月19日
资源名称,电子证照线上应用服务器4,10.210.40.133,5月11日,4月22日
资源名称,制作系统服务器1,172.50.10.12,5月12日,4月1日
资源名称,制作系统服务器1,172.50.10.12,5月13日,4月2日
资源名称,制作系统服务器1,172.50.10.12,5月14日,4月3日
资源名称,数据库服务器1,172.50.10.19,5月15日,4月1日
资源名称,数据库服务器1,172.50.10.19,5月16日,4月2日
资源名称,数据库服务器1,172.50.10.19,5月17日,4月3日
资源名称,互联网线上前置机1,10.200.56.14,5月18日,4月14日
资源名称,互联网线上前置机1,10.200.56.14,5月19日,4月15日
资源名称,互联网线上前置机1,10.200.56.14,5月20日,4月16日
资源名称,互联网线上前置机1,10.200.56.14,5月21日,4月17日
资源名称,互联网线上前置机1,10.200.56.14,5月22日,4月18日
资源名称,互联网线上前置机1,10.200.56.14,5月23日,4月19日
资源名称,互联网线上前置机1,10.200.56.14,5月24日,4月22日
资源名称,互联网线上前置机2,10.200.56.15,5月25日,4月14日
资源名称,互联网线上前置机2,10.200.56.15,5月26日,4月15日
资源名称,互联网线上前置机2,10.200.56.15,5月27日,4月16日
资源名称,互联网线上前置机2,10.200.56.15,5月28日,4月17日
资源名称,互联网线上前置机2,10.200.56.15,5月29日,4月18日
资源名称,互联网线上前置机2,10.200.56.15,5月30日,4月19日
资源名称,互联网线上前置机2,10.200.56.15,5月31日,4月22日
资源名称,电子证照线上应用服务器1,10.210.2.198,5-32,4月4日
资源名称,电子证照线上应用服务器1,10.210.2.198,5-33,4月5日
资源名称,电子证照线上应用服务器1,10.210.2.198,5-34,4月6日
资源名称,电子证照线上应用服务器1,10.210.2.198,5-35,4月7日
资源名称,电子证照线上应用服务器1,10.210.2.198,5-36,4月8日
资源名称,电子证照线上应用服务器1,10.210.2.198,5-37,4月9日
资源名称,电子证照线上应用服务器1,10.210.2.198,5-38,4月10日
资源名称,电子证照线上应用服务器1,10.210.2.198,5-39,4月11日
资源名称,电子证照线上应用服务器1,10.210.2.198,5-40,4月12日
资源名称,电子证照线上应用服务器1,10.210.2.198,5-41,4月13日
资源名称,电子证照线上应用服务器1,10.210.2.198,5-42,4月14日
资源名称,电子证照线上应用服务器1,10.210.2.198,5-43,4月15日
资源名称,电子证照线上应用服务器1,10.210.2.198,5-44,4月16日
资源名称,电子证照线上应用服务器1,10.210.2.198,5-45,4月17日
资源名称,电子证照线上应用服务器1,10.210.2.198,5-46,4月18日
资源名称,电子证照线上应用服务器1,10.210.2.198,5-47,4月19日
资源名称,电子证照线上应用服务器1,10.210.2.198,5-48,4月20日
资源名称,电子证照线上应用服务器1,10.210.2.198,5-49,4月21日
资源名称,电子证照线上应用服务器1,10.210.2.198,5-50,4月22日
资源名称,电子证照线上应用服务器1,10.210.2.198,5-51,4月23日
资源名称,电子证照线上应用服务器1,10.210.2.198,5-52,4月24日
资源名称,电子证照线上应用服务器1,10.210.2.198,5-53,4月25日
资源名称,电子证照线上应用服务器1,10.210.2.198,5-54,4月26日
资源名称,电子证照线上应用服务器1,10.210.2.198,5-55,4月27日
资源名称,电子证照线上应用服务器2,10.210.2.199,5-56,4月4日
资源名称,电子证照线上应用服务器2,10.210.2.199,5-57,4月5日
资源名称,电子证照线上应用服务器2,10.210.2.199,5-58,4月6日
资源名称,电子证照线上应用服务器2,10.210.2.199,5-59,4月7日
资源名称,电子证照线上应用服务器2,10.210.2.199,5-60,4月8日
资源名称,电子证照线上应用服务器2,10.210.2.199,5-61,4月9日
资源名称,电子证照线上应用服务器2,10.210.2.199,5-62,4月10日
资源名称,电子证照线上应用服务器2,10.210.2.199,5-63,4月11日
资源名称,电子证照线上应用服务器2,10.210.2.199,5-64,4月12日
资源名称,电子证照线上应用服务器2,10.210.2.199,5-65,4月13日
资源名称,电子证照线上应用服务器2,10.210.2.199,5-66,4月14日
资源名称,电子证照线上应用服务器2,10.210.2.199,5-67,4月15日
资源名称,电子证照线上应用服务器2,10.210.2.199,5-68,4月16日
资源名称,电子证照线上应用服务器2,10.210.2.199,5-69,4月17日
资源名称,电子证照线上应用服务器2,10.210.2.199,5-70,4月18日
资源名称,电子证照线上应用服务器2,10.210.2.199,5-71,4月19日
资源名称,电子证照线上应用服务器2,10.210.2.199,5-72,4月20日
资源名称,电子证照线上应用服务器2,10.210.2.199,5-73,4月21日
资源名称,电子证照线上应用服务器2,10.210.2.199,5-74,4月22日
资源名称,电子证照线上应用服务器2,10.210.2.199,5-75,4月23日
资源名称,电子证照线上应用服务器2,10.210.2.199,5-76,4月24日
资源名称,电子证照线上应用服务器2,10.210.2.199,5-77,4月25日
资源名称,电子证照线上应用服务器2,10.210.2.199,5-78,4月26日
资源名称,电子证照线上应用服务器2,10.210.2.199,5-79,4月27日
资源名称,电子证照线上ofd-2,10.210.2.200,5-80,4月4日
资源名称,电子证照线上ofd-2,10.210.2.200,5-81,4月5日
资源名称,电子证照线上ofd-2,10.210.2.200,5-82,4月6日
资源名称,电子证照线上ofd-2,10.210.2.200,5-83,4月7日
资源名称,电子证照线上ofd-2,10.210.2.200,5-84,4月8日
资源名称,电子证照线上ofd-1,10.210.2.201,5-85,4月4日
资源名称,电子证照线上ofd-1,10.210.2.201,5-86,4月5日
资源名称,电子证照线上ofd-1,10.210.2.201,5-87,4月6日
资源名称,电子证照线上ofd-1,10.210.2.201,5-88,4月7日
资源名称,电子证照线上ofd-1,10.210.2.201,5-89,4月8日
资源名称,电子证照测试,10.210.2.202,5-90,4月4日
资源名称,电子证照测试,10.210.2.202,5-91,4月5日
资源名称,电子证照测试,10.210.2.202,5-92,4月6日
资源名称,电子证照线上NFS-1,10.210.2.204,5-93,4月4日
资源名称,电子证照线上NFS-1,10.210.2.204,5-94,4月5日
资源名称,电子证照线上NFS-1,10.210.2.204,5-95,4月6日
资源名称,电子证照线上NFS-1,10.210.2.204,5-96,4月7日
资源名称,电子证照线上NFS-1,10.210.2.204,5-97,4月8日
资源名称,电子证照线上NFS-2,10.210.2.205,5-98,4月4日
资源名称,电子证照线上NFS-2,10.210.2.205,5-99,4月5日
资源名称,电子证照线上NFS-2,10.210.2.205,5-100,4月6日
资源名称,电子证照线上NFS-2,10.210.2.205,5-101,4月7日
资源名称,电子证照线上NFS-2,10.210.2.205,5-102,4月8日
资源名称,电子证照线上redis+zk1,10.210.2.206,5-103,4月4日
资源名称,电子证照线上redis+zk1,10.210.2.206,5-104,4月5日
资源名称,电子证照线上redis+zk1,10.210.2.206,5-105,4月6日
资源名称,电子证照线上redis+zk1,10.210.2.206,5-106,4月7日
资源名称,电子证照线上redis+zk1,10.210.2.206,5-107,4月8日
资源名称,电子证照线上redis+zk1,10.210.2.206,5-108,4月10日
资源名称,电子证照线上redis+zk1,10.210.2.206,5-109,4月11日
资源名称,电子证照线上redis+zk1,10.210.2.206,5-110,4月12日
资源名称,电子证照线上redis+zk1,10.210.2.206,5-111,4月13日
资源名称,电子证照线上redis+zk1,10.210.2.206,5-112,4月20日
资源名称,电子证照线上redis+zk1,10.210.2.206,5-113,4月21日
资源名称,电子证照线上redis+zk1,10.210.2.206,5-114,4月25日
资源名称,电子证照线上redis+zk2,10.210.2.207,5-115,4月4日
资源名称,电子证照线上redis+zk2,10.210.2.207,5-116,4月5日
资源名称,电子证照线上redis+zk2,10.210.2.207,5-117,4月6日
资源名称,电子证照线上redis+zk2,10.210.2.207,5-118,4月7日
资源名称,电子证照线上redis+zk2,10.210.2.207,5-119,4月8日
资源名称,电子证照线上redis+zk2,10.210.2.207,5-120,4月10日
资源名称,电子证照线上redis+zk2,10.210.2.207,5-121,4月11日
资源名称,电子证照线上redis+zk2,10.210.2.207,5-122,4月12日
资源名称,电子证照线上redis+zk2,10.210.2.207,5-123,4月13日
资源名称,电子证照线上redis+zk2,10.210.2.207,5-124,4月20日
资源名称,电子证照线上redis+zk2,10.210.2.207,5-125,4月21日
资源名称,电子证照线上redis+zk2,10.210.2.207,5-126,4月25日
资源名称,电子证照线上redis+zk3,10.210.2.208,5-127,4月4日
资源名称,电子证照线上redis+zk3,10.210.2.208,5-128,4月5日
资源名称,电子证照线上redis+zk3,10.210.2.208,5-129,4月6日
资源名称,电子证照线上redis+zk3,10.210.2.208,5-130,4月7日
资源名称,电子证照线上redis+zk3,10.210.2.208,5-131,4月8日
资源名称,电子证照线上redis+zk3,10.210.2.208,5-132,4月10日
资源名称,电子证照线上redis+zk3,10.210.2.208,5-133,4月11日
资源名称,电子证照线上redis+zk3,10.210.2.208,5-134,4月12日
资源名称,电子证照线上redis+zk3,10.210.2.208,5-135,4月13日
资源名称,电子证照线上redis+zk3,10.210.2.208,5-136,4月20日
资源名称,电子证照线上redis+zk4,10.210.2.209,5-137,4月21日
资源名称,电子证照线上redis+zk3,10.210.2.208,5-138,4月25日
资源名称,电子证照线上应用服务器3,10.210.40.132,5-139,4月4日
资源名称,电子证照线上应用服务器3,10.210.40.132,5-140,4月5日
资源名称,电子证照线上应用服务器3,10.210.40.132,5-141,4月6日
资源名称,电子证照线上应用服务器3,10.210.40.132,5-142,4月9日
资源名称,电子证照线上应用服务器3,10.210.40.132,5-143,4月14日
资源名称,电子证照线上应用服务器3,10.210.40.132,5-144,4月15日
资源名称,电子证照线上应用服务器3,10.210.40.132,5-145,4月16日
资源名称,电子证照线上应用服务器3,10.210.40.132,5-146,4月17日
资源名称,电子证照线上应用服务器3,10.210.40.132,5-147,4月18日
资源名称,电子证照线上应用服务器3,10.210.40.132,5-148,4月19日
资源名称,电子证照线上应用服务器3,10.210.40.132,5-149,4月22日
资源名称,电子证照线上应用服务器5,10.210.40.134,5-150,4月4日
资源名称,电子证照线上应用服务器5,10.210.40.134,5-151,4月5日
资源名称,电子证照线上应用服务器5,10.210.40.134,5-152,4月6日
资源名称,电子证照线上应用服务器5,10.210.40.134,5-153,4月9日
资源名称,电子证照线上应用服务器5,10.210.40.134,5-154,4月14日
资源名称,电子证照线上应用服务器5,10.210.40.134,5-155,4月15日
资源名称,电子证照线上应用服务器5,10.210.40.134,5-156,4月16日
资源名称,电子证照线上应用服务器5,10.210.40.134,5-157,4月17日
资源名称,电子证照线上应用服务器5,10.210.40.134,5-158,4月18日
资源名称,电子证照线上应用服务器5,10.210.40.134,5-159,4月19日
资源名称,电子证照线上应用服务器5,10.210.40.134,5-160,4月22日
资源名称,电子证照线上应用服务器6,10.210.40.135,5-161,4月4日
资源名称,电子证照线上应用服务器6,10.210.40.135,5-162,4月5日
资源名称,电子证照线上应用服务器6,10.210.40.135,5-163,4月6日
资源名称,电子证照线上应用服务器6,10.210.40.135,5-164,4月9日
资源名称,电子证照线上应用服务器6,10.210.40.135,5-165,4月14日
资源名称,电子证照线上应用服务器6,10.210.40.135,5-166,4月15日
资源名称,电子证照线上应用服务器6,10.210.40.135,5-167,4月16日
资源名称,电子证照线上应用服务器6,10.210.40.135,5-168,4月17日
资源名称,电子证照线上应用服务器6,10.210.40.135,5-169,4月18日
资源名称,电子证照线上应用服务器6,10.210.40.135,5-170,4月19日
资源名称,电子证照线上应用服务器6,10.210.40.135,5-171,4月22日
资源名称,电子证照 clickhouse,10.210.40.143,5-172,4月4日
资源名称,电子证照 clickhouse,10.210.40.143,5-173,4月5日
资源名称,电子证照 clickhouse,10.210.40.143,5-174,4月6日
资源名称,电子证照 clickhouse,10.210.40.143,5-175,4月7日
资源名称,电子证照 clickhouse,10.210.40.143,5-176,4月8日
资源名称,电子证照 clickhouse,10.210.40.143,5-177,4月9日
资源名称,电子证照 clickhouse,10.210.40.143,5-178,4月10日
资源名称,电子证照 clickhouse,10.210.40.143,5-179,4月11日
资源名称,电子证照 clickhouse,10.210.40.143,5-180,4月12日
资源名称,电子证照 clickhouse,10.210.40.143,5-181,4月13日
资源名称,电子证照 clickhouse,10.210.40.143,5-182,4月18日
资源名称,电子证照 clickhouse,10.210.40.143,5-183,4月19日
资源名称,电子证照 clickhouse,10.210.40.143,5-184,4月20日
资源名称,电子证照 clickhouse,10.210.40.143,5-185,4月21日
资源名称,电子证照 clickhouse,10.210.40.143,5-186,4月23日
资源名称,电子证照 clickhouse,10.210.40.143,5-187,4月24日
资源名称,电子证照 clickhouse,10.210.40.143,5-188,4月25日
资源名称,电子证照 clickhouse,10.210.40.143,5-189,4月26日
资源名称,电子证照 clickhouse,10.210.40.143,5-190,4月27日
资源名称,电子证照线上应用服务器7,10.210.40.144,5-191,4月7日
资源名称,电子证照线上应用服务器7,10.210.40.144,5-192,4月8日
资源名称,电子证照线上应用服务器8,10.210.40.145,5-193,4月7日
资源名称,电子证照线上应用服务器8,10.210.40.145,5-194,4月8日
资源名称,电子证照线上应用服务器9,10.210.40.146,5-195,4月7日
资源名称,电子证照线上应用服务器9,10.210.40.146,5-196,4月8日
资源名称,电子证照线上应用服务器10,10.210.40.147,5-197,4月7日
资源名称,电子证照线上应用服务器10,10.210.40.147,5-198,4月8日
资源名称,电子证照线上应用服务器11,10.210.40.148,5-199,4月7日
资源名称,电子证照线上应用服务器11,10.210.40.148,5-200,4月8日
资源名称,电子证照线上应用服务器12,10.210.40.149,5-201,4月7日
资源名称,电子证照线上应用服务器12,10.210.40.149,5-202,4月8日
资源名称,电子证照线上MySQL主-1,10.210.40.201,5-203,4月4日
资源名称,电子证照线上MySQL主-1,10.210.40.201,5-204,4月5日
资源名称,电子证照线上MySQL主-1,10.210.40.201,5-205,4月6日
资源名称,电子证照线上MySQL主-1,10.210.40.201,5-206,4月7日
资源名称,电子证照线上MySQL主-1,10.210.40.201,5-207,4月8日
资源名称,电子证照线上MySQL主-1,10.210.40.201,5-208,4月9日
资源名称,电子证照线上MySQL主-1,10.210.40.201,5-209,4月10日
资源名称,电子证照线上MySQL主-1,10.210.40.201,5-210,4月11日
资源名称,电子证照线上MySQL主-1,10.210.40.201,5-211,4月12日
资源名称,电子证照线上MySQL主-1,10.210.40.201,5-212,4月13日
资源名称,电子证照线上MySQL主-1,10.210.40.201,5-213,4月14日
资源名称,电子证照线上MySQL主-1,10.210.40.201,5-214,4月15日
资源名称,电子证照线上MySQL主-1,10.210.40.201,5-215,4月16日
资源名称,电子证照线上MySQL主-1,10.210.40.201,5-216,4月17日
资源名称,电子证照线上MySQL主-1,10.210.40.201,5-217,4月18日
资源名称,电子证照线上MySQL主-1,10.210.40.201,5-218,4月19日
资源名称,电子证照线上MySQL主-1,10.210.40.201,5-219,4月20日
资源名称,电子证照线上MySQL主-1,10.210.40.201,5-220,4月21日
资源名称,电子证照线上MySQL主-1,10.210.40.201,5-221,4月22日
资源名称,电子证照线上MySQL主-1,10.210.40.201,5-222,4月23日
资源名称,电子证照线上MySQL主-1,10.210.40.201,5-223,4月24日
资源名称,电子证照线上MySQL主-1,10.210.40.201,5-224,4月25日
资源名称,电子证照线上MySQL主-1,10.210.40.201,5-225,4月26日
资源名称,电子证照线上MySQL主-1,10.210.40.201,5-226,4月27日
资源名称,电子证照线上MySQL主-2,10.210.40.202,5-227,4月4日
资源名称,电子证照线上MySQL主-2,10.210.40.202,5-228,4月5日
资源名称,电子证照线上MySQL主-2,10.210.40.202,5-229,4月6日
资源名称,电子证照线上MySQL主-2,10.210.40.202,5-230,4月7日
资源名称,电子证照线上MySQL主-2,10.210.40.202,5-231,4月8日
资源名称,电子证照线上MySQL主-2,10.210.40.202,5-232,4月9日
资源名称,电子证照线上MySQL主-2,10.210.40.202,5-233,4月10日
资源名称,电子证照线上MySQL主-2,10.210.40.202,5-234,4月11日
资源名称,电子证照线上MySQL主-2,10.210.40.202,5-235,4月12日
资源名称,电子证照线上MySQL主-2,10.210.40.202,5-236,4月13日
资源名称,电子证照线上MySQL主-2,10.210.40.202,5-237,4月14日
资源名称,电子证照线上MySQL主-2,10.210.40.202,5-238,4月15日
资源名称,电子证照线上MySQL主-2,10.210.40.202,5-239,4月16日
资源名称,电子证照线上MySQL主-2,10.210.40.202,5-240,4月17日
资源名称,电子证照线上MySQL主-2,10.210.40.202,5-241,4月18日
资源名称,电子证照线上MySQL主-2,10.210.40.202,5-242,4月19日
资源名称,电子证照线上MySQL主-2,10.210.40.202,5-243,4月20日
资源名称,电子证照线上MySQL主-2,10.210.40.202,5-244,4月21日
资源名称,电子证照线上MySQL主-2,10.210.40.202,5-245,4月22日
资源名称,电子证照线上MySQL主-2,10.210.40.202,5-246,4月23日
资源名称,电子证照线上MySQL主-2,10.210.40.202,5-247,4月24日
资源名称,电子证照线上MySQL主-2,10.210.40.202,5-248,4月25日
资源名称,电子证照线上MySQL主-2,10.210.40.202,5-249,4月26日
资源名称,电子证照线上MySQL主-2,10.210.40.202,5-250,4月27日
资源名称,电子证照线上MySQL从-1,10.210.40.203,5-251,4月4日
资源名称,电子证照线上MySQL从-1,10.210.40.203,5-252,4月5日
资源名称,电子证照线上MySQL从-1,10.210.40.203,5-253,4月6日
资源名称,电子证照线上MySQL从-1,10.210.40.203,5-254,4月7日
资源名称,电子证照线上MySQL从-1,10.210.40.203,5-255,4月8日
资源名称,电子证照线上MySQL从-1,10.210.40.203,5-256,4月9日
资源名称,电子证照线上MySQL从-1,10.210.40.203,5-257,4月10日
资源名称,电子证照线上MySQL从-1,10.210.40.203,5-258,4月11日
资源名称,电子证照线上MySQL从-1,10.210.40.203,5-259,4月12日
资源名称,电子证照线上MySQL从-1,10.210.40.203,5-260,4月13日
资源名称,电子证照线上MySQL从-1,10.210.40.203,5-261,4月14日
资源名称,电子证照线上MySQL从-1,10.210.40.203,5-262,4月15日
资源名称,电子证照线上MySQL从-1,10.210.40.203,5-263,4月16日
资源名称,电子证照线上MySQL从-1,10.210.40.203,5-264,4月17日
资源名称,电子证照线上MySQL从-1,10.210.40.203,5-265,4月18日
资源名称,电子证照线上MySQL从-1,10.210.40.203,5-266,4月19日
资源名称,电子证照线上MySQL从-1,10.210.40.203,5-267,4月20日
资源名称,电子证照线上MySQL从-1,10.210.40.203,5-268,4月21日
资源名称,电子证照线上MySQL从-1,10.210.40.203,5-269,4月22日
资源名称,电子证照线上MySQL从-1,10.210.40.203,5-270,4月23日
资源名称,电子证照线上MySQL从-1,10.210.40.203,5-271,4月24日
资源名称,电子证照线上MySQL从-1,10.210.40.203,5-272,4月25日
资源名称,电子证照线上MySQL从-1,10.210.40.203,5-273,4月26日
资源名称,电子证照线上MySQL从-1,10.210.40.203,5-274,4月27日
资源名称,电子证照线上MySQL从-2,10.210.40.204,5-275,4月4日
资源名称,电子证照线上MySQL从-2,10.210.40.204,5-276,4月5日
资源名称,电子证照线上MySQL从-2,10.210.40.204,5-277,4月6日
资源名称,电子证照线上MySQL从-2,10.210.40.204,5-278,4月7日
资源名称,电子证照线上MySQL从-2,10.210.40.204,5-279,4月8日
资源名称,电子证照线上MySQL从-2,10.210.40.204,5-280,4月9日
资源名称,电子证照线上MySQL从-2,10.210.40.204,5-281,4月10日
资源名称,电子证照线上MySQL从-2,10.210.40.204,5-282,4月11日
资源名称,电子证照线上MySQL从-2,10.210.40.204,5-283,4月12日
资源名称,电子证照线上MySQL从-2,10.210.40.204,5-284,4月13日
资源名称,电子证照线上MySQL从-2,10.210.40.204,5-285,4月14日
资源名称,电子证照线上MySQL从-2,10.210.40.204,5-286,4月15日
资源名称,电子证照线上MySQL从-2,10.210.40.204,5-287,4月16日
资源名称,电子证照线上MySQL从-2,10.210.40.204,5-288,4月17日
资源名称,电子证照线上MySQL从-2,10.210.40.204,5-289,4月18日
资源名称,电子证照线上MySQL从-2,10.210.40.204,5-290,4月19日
资源名称,电子证照线上MySQL从-2,10.210.40.204,5-291,4月20日
资源名称,电子证照线上MySQL从-2,10.210.40.204,5-292,4月21日
资源名称,电子证照线上MySQL从-2,10.210.40.204,5-293,4月22日
资源名称,电子证照线上MySQL从-2,10.210.40.204,5-294,4月23日
资源名称,电子证照线上MySQL从-2,10.210.40.204,5-295,4月24日
资源名称,电子证照线上MySQL从-2,10.210.40.204,5-296,4月25日
资源名称,电子证照线上MySQL从-2,10.210.40.204,5-297,4月26日
资源名称,电子证照线上MySQL从-2,10.210.40.204,5-298,4月27日
资源名称,电子证照线上MySQL备份,10.210.40.205,5-299,4月4日
资源名称,电子证照线上MySQL备份,10.210.40.205,5-300,4月5日
资源名称,电子证照线上MySQL备份,10.210.40.205,5-301,4月6日
资源名称,电子证照线上MySQL备份,10.210.40.205,5-302,4月7日
资源名称,电子证照线上MySQL备份,10.210.40.205,5-303,4月8日
资源名称,电子证照线上MySQL备份,10.210.40.205,5-304,4月9日
资源名称,电子证照线上MySQL备份,10.210.40.205,5-305,4月10日
资源名称,电子证照线上MySQL备份,10.210.40.205,5-306,4月11日
资源名称,电子证照线上MySQL备份,10.210.40.205,5-307,4月12日
资源名称,电子证照线上MySQL备份,10.210.40.205,5-308,4月13日
资源名称,电子证照线上MySQL备份,10.210.40.205,5-309,4月14日
资源名称,电子证照线上MySQL备份,10.210.40.205,5-310,4月15日
资源名称,电子证照线上MySQL备份,10.210.40.205,5-311,4月16日
资源名称,电子证照线上MySQL备份,10.210.40.205,5-312,4月17日
资源名称,电子证照线上MySQL备份,10.210.40.205,5-313,4月18日
资源名称,电子证照线上MySQL备份,10.210.40.205,5-314,4月19日
资源名称,电子证照线上MySQL备份,10.210.40.205,5-315,4月20日
资源名称,电子证照线上MySQL备份,10.210.40.205,5-316,4月21日
资源名称,电子证照线上MySQL备份,10.210.40.205,5-317,4月22日
资源名称,电子证照线上MySQL备份,10.210.40.205,5-318,4月23日
资源名称,电子证照线上MySQL备份,10.210.40.205,5-319,4月24日
资源名称,电子证照线上MySQL备份,10.210.40.205,5-320,4月25日
资源名称,电子证照线上MySQL备份,10.210.40.205,5-321,4月26日
资源名称,电子证照线上MySQL备份,10.210.40.205,5-322,4月27日
